--source: www.mockaroo.com
insert into centre (id, name, price) values (1, 'Rocky Mountain Climbing Centre', 131);
insert into centre (id, name, price) values (2, 'Summit Peak Climbing Gym', 498);
insert into centre (id, name, price) values (3, 'Vertical Edge Climbing Center', 456);
insert into centre (id, name, price) values (4, 'Craggy Heights Indoor Climbing', 169);
insert into centre (id, name, price) values (5, 'Peak Performance Climbing', 120);
insert into centre (id, name, price) values (6, 'Boulder Dash Climbing Gym', 306);
insert into centre (id, name, price) values (7, 'Ascend Indoor Climbing', 333);
insert into centre (id, name, price) values (8, 'Climb On! Indoor Climbing', 459);
insert into centre (id, name, price) values (9, 'Elevation Rock Climbing', 252);
insert into centre (id, name, price) values (10, 'The Climb Zone', 111);

-- select setval('centre_seq', 11);

insert into route (id, grade, name, centre_id) values (1, 7, 'The Mighty Chimera', 7);
insert into route (id, grade, name, centre_id) values (2, 6, 'Whispering Wall', 8);
insert into route (id, grade, name, centre_id) values (3, 8, 'Dragons Spine', 3);
insert into route (id, grade, name, centre_id) values (4, 6, 'Echo Canyon', 9);
insert into route (id, grade, name, centre_id) values (5, 9, 'Serenity Peak', 2);
insert into route (id, grade, name, centre_id) values (6, 10, 'Mystic Gorge', 1);
insert into route (id, grade, name, centre_id) values (7, 9, 'Shadow Crag', 5);
insert into route (id, grade, name, centre_id) values (8, 3, 'Eagles Nest', 3);
insert into route (id, grade, name, centre_id) values (9, 8, 'Crimson Cliff', 1);
insert into route (id, grade, name, centre_id) values (10, 5, 'Silver Lining', 1);
insert into route (id, grade, name, centre_id) values (11, 5, 'Golden Ascent', 2);
insert into route (id, grade, name, centre_id) values (12, 3, 'Emerald Edge', 2);
insert into route (id, grade, name, centre_id) values (13, 10, 'Ravens Roost', 1);
insert into route (id, grade, name, centre_id) values (14, 11, 'Avalanche Alley', 9);
insert into route (id, grade, name, centre_id) values (15, 9, 'Moonlight Mesa', 10);
insert into route (id, grade, name, centre_id) values (16, 7, 'Sunset Summit', 10);
insert into route (id, grade, name, centre_id) values (17, 11, 'Majestic Overhang', 1);
insert into route (id, grade, name, centre_id) values (18, 9, 'Stormy Slope', 10);
insert into route (id, grade, name, centre_id) values (19, 11, 'Wildflower Wall', 4);
insert into route (id, grade, name, centre_id) values (20, 5, 'Hidden Haven', 6);
insert into route (id, grade, name, centre_id) values (21, 9, 'Gravity Groove', 5);
insert into route (id, grade, name, centre_id) values (22, 8, 'Whirlwind Wall', 5);
insert into route (id, grade, name, centre_id) values (23, 7, 'Pinnacle Point', 6);
insert into route (id, grade, name, centre_id) values (24, 7, 'Zenith Zephyr', 3);
insert into route (id, grade, name, centre_id) values (25, 5, 'Enchanted Escarpment', 5);
insert into route (id, grade, name, centre_id) values (26, 9, 'Whispering Willow', 4);
insert into route (id, grade, name, centre_id) values (27, 10, 'Cobalt Crux', 8);
insert into route (id, grade, name, centre_id) values (28, 4, 'Canyon Crest', 5);
insert into route (id, grade, name, centre_id) values (29, 5, 'Mystical Monolith', 10);
insert into route (id, grade, name, centre_id) values (30, 4, 'Sapphire Spire', 8);
insert into route (id, grade, name, centre_id) values (31, 6, 'Harmony Heights', 1);
insert into route (id, grade, name, centre_id) values (32, 7, 'Dragonfly Dome', 2);
insert into route (id, grade, name, centre_id) values (33, 10, 'Mossy Mountain', 9);
insert into route (id, grade, name, centre_id) values (34, 6, 'Crimson Crest', 8);
insert into route (id, grade, name, centre_id) values (35, 11, 'Silver Serpent', 4);
insert into route (id, grade, name, centre_id) values (36, 11, 'Golden Grotto', 5);
insert into route (id, grade, name, centre_id) values (37, 9, 'Emerald Enigma', 10);
insert into route (id, grade, name, centre_id) values (38, 10, 'Ravens Refuge', 9);
insert into route (id, grade, name, centre_id) values (39, 10, 'Avalanche Ascent', 4);
insert into route (id, grade, name, centre_id) values (40, 5, 'Moonbeam Mesa', 2);
insert into route (id, grade, name, centre_id) values (41, 8, 'Sunrise Summit', 10);
insert into route (id, grade, name, centre_id) values (42, 8, 'Majestic Mantle', 4);
insert into route (id, grade, name, centre_id) values (43, 3, 'Stormy Spur', 5);
insert into route (id, grade, name, centre_id) values (44, 4, 'Wilderness Wall', 6);
insert into route (id, grade, name, centre_id) values (45, 7, 'Hidden Hollow', 8);
insert into route (id, grade, name, centre_id) values (46, 6, 'Gravity Gulch', 7);
insert into route (id, grade, name, centre_id) values (47, 10, 'Whispering Wind', 1);
insert into route (id, grade, name, centre_id) values (48, 6, 'Pinnacle Peak', 7);
insert into route (id, grade, name, centre_id) values (49, 7, 'Zenith Zephyr', 9);
insert into route (id, grade, name, centre_id) values (50, 9, 'Enchanted Edge', 5);

-- select setval('route_seq', 51);

insert into climber (id, name, surname, budget, strength) values (1, 'Jillane', 'Jertz', 432, 4);
insert into climber (id, name, surname, budget, strength) values (2, 'Atlante', 'Sketh', 452, 8);
insert into climber (id, name, surname, budget, strength) values (3, 'Lorilee', 'Kearney', 62, 5);
insert into climber (id, name, surname, budget, strength) values (4, 'Renado', 'Counter', 354, 11);
insert into climber (id, name, surname, budget, strength) values (5, 'Cyrillus', 'Catherick', 82, 7);
insert into climber (id, name, surname, budget, strength) values (6, 'Gideon', 'Bartul', 226, 3);
insert into climber (id, name, surname, budget, strength) values (7, 'Verna', 'Grivori', 437, 5);
insert into climber (id, name, surname, budget, strength) values (8, 'Fionnula', 'Somner', 102, 8);
insert into climber (id, name, surname, budget, strength) values (9, 'Angelico', 'Ferebee', 221, 5);
insert into climber (id, name, surname, budget, strength) values (10, 'Alphonso', 'Jedrzejewski', 457, 5);
insert into climber (id, name, surname, budget, strength) values (11, 'Daron', 'Conahy', 74, 8);
insert into climber (id, name, surname, budget, strength) values (12, 'Bobbie', 'Menghi', 441, 3);
insert into climber (id, name, surname, budget, strength) values (13, 'Mannie', 'Lever', 183, 8);
insert into climber (id, name, surname, budget, strength) values (14, 'Penny', 'Dumphries', 232, 11);
insert into climber (id, name, surname, budget, strength) values (15, 'Stepha', 'Ailsbury', 215, 5);
insert into climber (id, name, surname, budget, strength) values (16, 'Katherine', 'Posselow', 160, 4);
insert into climber (id, name, surname, budget, strength) values (17, 'Shurlocke', 'Thompkins', 214, 10);
insert into climber (id, name, surname, budget, strength) values (18, 'Rhona', 'Glennard', 236, 4);
insert into climber (id, name, surname, budget, strength) values (19, 'Araldo', 'Pickburn', 448, 5);
insert into climber (id, name, surname, budget, strength) values (20, 'Cecilio', 'Montague', 372, 3);
insert into climber (id, name, surname, budget, strength) values (21, 'Morie', 'Coldman', 332, 10);
insert into climber (id, name, surname, budget, strength) values (22, 'Pammi', 'Muldownie', 136, 8);
insert into climber (id, name, surname, budget, strength) values (23, 'Gabie', 'Lutty', 104, 9);
insert into climber (id, name, surname, budget, strength) values (24, 'Chrissie', 'Dooney', 373, 8);
insert into climber (id, name, surname, budget, strength) values (25, 'Jasmine', 'McGlaughn', 213, 7);
insert into climber (id, name, surname, budget, strength) values (26, 'Katinka', 'Coulsen', 418, 4);
insert into climber (id, name, surname, budget, strength) values (27, 'Lissi', 'Halworth', 444, 5);
insert into climber (id, name, surname, budget, strength) values (28, 'Gilli', 'Pippin', 422, 11);
insert into climber (id, name, surname, budget, strength) values (29, 'Elbertina', 'Squeers', 194, 6);
insert into climber (id, name, surname, budget, strength) values (30, 'Devonna', 'Denmead', 228, 10);
insert into climber (id, name, surname, budget, strength) values (31, 'Vasily', 'Petran', 487, 6);
insert into climber (id, name, surname, budget, strength) values (32, 'Christel', 'Barfford', 487, 9);
insert into climber (id, name, surname, budget, strength) values (33, 'Marielle', 'Cassely', 123, 11);
insert into climber (id, name, surname, budget, strength) values (34, 'Berne', 'Oda', 58, 3);
insert into climber (id, name, surname, budget, strength) values (35, 'Dillon', 'Caw', 381, 4);
insert into climber (id, name, surname, budget, strength) values (36, 'Catie', 'Turl', 213, 9);
insert into climber (id, name, surname, budget, strength) values (37, 'Leonhard', 'Butchart', 191, 7);
insert into climber (id, name, surname, budget, strength) values (38, 'Portia', 'Seyler', 475, 11);
insert into climber (id, name, surname, budget, strength) values (39, 'Merrielle', 'Rives', 254, 3);
insert into climber (id, name, surname, budget, strength) values (40, 'Karlyn', 'MacAlpyne', 282, 5);
insert into climber (id, name, surname, budget, strength) values (41, 'Riki', 'McVitie', 271, 11);
insert into climber (id, name, surname, budget, strength) values (42, 'Robin', 'Maryin', 237, 5);
insert into climber (id, name, surname, budget, strength) values (43, 'Annadiana', 'Semrad', 482, 3);
insert into climber (id, name, surname, budget, strength) values (44, 'Shay', 'Pursey', 87, 6);
insert into climber (id, name, surname, budget, strength) values (45, 'Garold', 'Derrett', 168, 10);
insert into climber (id, name, surname, budget, strength) values (46, 'Yurik', 'Copper', 291, 9);
insert into climber (id, name, surname, budget, strength) values (47, 'Florian', 'Gowthorpe', 114, 10);
insert into climber (id, name, surname, budget, strength) values (48, 'Donavon', 'Salkeld', 300, 10);
insert into climber (id, name, surname, budget, strength) values (49, 'Mariann', 'Cuerda', 100, 3);
insert into climber (id, name, surname, budget, strength) values (50, 'Kath', 'Dehn', 482, 3);

-- select setval('climber_seq', 51);

insert into route_climber (climber_id, routes_id) values (22, 28);
insert into route_climber (climber_id, routes_id) values (41, 23);
insert into route_climber (climber_id, routes_id) values (42, 18);
insert into route_climber (climber_id, routes_id) values (18, 1);
insert into route_climber (climber_id, routes_id) values (7, 9);
insert into route_climber (climber_id, routes_id) values (39, 21);
insert into route_climber (climber_id, routes_id) values (25, 6);
insert into route_climber (climber_id, routes_id) values (37, 38);
insert into route_climber (climber_id, routes_id) values (11, 15);
insert into route_climber (climber_id, routes_id) values (38, 39);
insert into route_climber (climber_id, routes_id) values (29, 30);
insert into route_climber (climber_id, routes_id) values (4, 25);
insert into route_climber (climber_id, routes_id) values (3, 20);
insert into route_climber (climber_id, routes_id) values (24, 9);
insert into route_climber (climber_id, routes_id) values (8, 28);
insert into route_climber (climber_id, routes_id) values (18, 21);
insert into route_climber (climber_id, routes_id) values (42, 5);
insert into route_climber (climber_id, routes_id) values (17, 14);
insert into route_climber (climber_id, routes_id) values (49, 27);
insert into route_climber (climber_id, routes_id) values (25, 20);
insert into route_climber (climber_id, routes_id) values (30, 25);
insert into route_climber (climber_id, routes_id) values (15, 8);
insert into route_climber (climber_id, routes_id) values (38, 44);
insert into route_climber (climber_id, routes_id) values (30, 31);
insert into route_climber (climber_id, routes_id) values (35, 15);
insert into route_climber (climber_id, routes_id) values (3, 44);
insert into route_climber (climber_id, routes_id) values (46, 1);
insert into route_climber (climber_id, routes_id) values (42, 21);
insert into route_climber (climber_id, routes_id) values (33, 35);
insert into route_climber (climber_id, routes_id) values (35, 26);
insert into route_climber (climber_id, routes_id) values (50, 50);
insert into route_climber (climber_id, routes_id) values (20, 33);
insert into route_climber (climber_id, routes_id) values (8, 18);
insert into route_climber (climber_id, routes_id) values (10, 46);
insert into route_climber (climber_id, routes_id) values (22, 2);
insert into route_climber (climber_id, routes_id) values (35, 40);
insert into route_climber (climber_id, routes_id) values (15, 1);
insert into route_climber (climber_id, routes_id) values (28, 24);
insert into route_climber (climber_id, routes_id) values (29, 7);
insert into route_climber (climber_id, routes_id) values (23, 9);
insert into route_climber (climber_id, routes_id) values (29, 22);
insert into route_climber (climber_id, routes_id) values (38, 38);
insert into route_climber (climber_id, routes_id) values (4, 49);
insert into route_climber (climber_id, routes_id) values (17, 49);
insert into route_climber (climber_id, routes_id) values (48, 40);
insert into route_climber (climber_id, routes_id) values (7, 29);
insert into route_climber (climber_id, routes_id) values (11, 50);
insert into route_climber (climber_id, routes_id) values (4, 10);
insert into route_climber (climber_id, routes_id) values (28, 38);
insert into route_climber (climber_id, routes_id) values (20, 11);
insert into route_climber (climber_id, routes_id) values (15, 42);
insert into route_climber (climber_id, routes_id) values (4, 9);
insert into route_climber (climber_id, routes_id) values (41, 43);
insert into route_climber (climber_id, routes_id) values (15, 31);
insert into route_climber (climber_id, routes_id) values (45, 19);
insert into route_climber (climber_id, routes_id) values (26, 41);
insert into route_climber (climber_id, routes_id) values (31, 12);
insert into route_climber (climber_id, routes_id) values (14, 22);
insert into route_climber (climber_id, routes_id) values (30, 34);
insert into route_climber (climber_id, routes_id) values (10, 32);
insert into route_climber (climber_id, routes_id) values (45, 22);
insert into route_climber (climber_id, routes_id) values (21, 46);
insert into route_climber (climber_id, routes_id) values (27, 22);
insert into route_climber (climber_id, routes_id) values (11, 41);
insert into route_climber (climber_id, routes_id) values (23, 35);
insert into route_climber (climber_id, routes_id) values (29, 31);
insert into route_climber (climber_id, routes_id) values (24, 20);
insert into route_climber (climber_id, routes_id) values (37, 41);
insert into route_climber (climber_id, routes_id) values (32, 29);
insert into route_climber (climber_id, routes_id) values (24, 25);
insert into route_climber (climber_id, routes_id) values (11, 40);
insert into route_climber (climber_id, routes_id) values (10, 29);
insert into route_climber (climber_id, routes_id) values (3, 7);
insert into route_climber (climber_id, routes_id) values (2, 7);
insert into route_climber (climber_id, routes_id) values (42, 9);
insert into route_climber (climber_id, routes_id) values (1, 3);
insert into route_climber (climber_id, routes_id) values (34, 41);
insert into route_climber (climber_id, routes_id) values (38, 6);
insert into route_climber (climber_id, routes_id) values (34, 16);
insert into route_climber (climber_id, routes_id) values (42, 37);
insert into route_climber (climber_id, routes_id) values (6, 2);
insert into route_climber (climber_id, routes_id) values (42, 4);
insert into route_climber (climber_id, routes_id) values (12, 38);
insert into route_climber (climber_id, routes_id) values (48, 11);
insert into route_climber (climber_id, routes_id) values (2, 39);
insert into route_climber (climber_id, routes_id) values (14, 42);
insert into route_climber (climber_id, routes_id) values (2, 36);
insert into route_climber (climber_id, routes_id) values (25, 33);
insert into route_climber (climber_id, routes_id) values (36, 3);
insert into route_climber (climber_id, routes_id) values (46, 48);
insert into route_climber (climber_id, routes_id) values (12, 2);
insert into route_climber (climber_id, routes_id) values (3, 15);
insert into route_climber (climber_id, routes_id) values (32, 9);
insert into route_climber (climber_id, routes_id) values (46, 46);
insert into route_climber (climber_id, routes_id) values (34, 12);
insert into route_climber (climber_id, routes_id) values (27, 35);
insert into route_climber (climber_id, routes_id) values (6, 21);
insert into route_climber (climber_id, routes_id) values (40, 20);
